{"cameraMode":{"drawMode":0,"name":"Shaded","section":"Shading Mode"},"sceneLighting":true,"audioPlay":false,"sceneViewState":{"m_AlwaysRefresh":false,"showFog":true,"showSkybox":true,"showFlares":true,"showImageEffects":true,"showParticleSystems":true,"showVisualEffectGraphs":true,"m_FxEnabled":true},"in2DMode":false,"pivot":{"x":-0.3119202256202698,"y":-2.0345053672790529,"z":81.23308563232422},"rotation":{"x":0.008995192125439644,"y":0.01409967616200447,"z":-0.00015576470468658954,"w":0.9996793270111084},"size":77.61947631835938,"orthographic":true}